iteration,loss,accuracy
24,0.6170686483383179,0.6083333492279053
49,0.5606323480606079,0.6666666269302368
74,0.5411950349807739,0.7141110897064209
99,0.5009911060333252,0.7651110887527466
