iteration,loss,accuracy
99,0.8021815419197083,0.5356665849685669
199,0.7834821939468384,0.5449999570846558
299,0.8013776540756226,0.5284444689750671
399,0.778770923614502,0.5365555882453918
499,0.7506047487258911,0.542888879776001
599,0.7589314579963684,0.5379999876022339
699,0.7250007390975952,0.5461111068725586
799,0.7253236770629883,0.5427777767181396
899,0.6969842314720154,0.5625556111335754
999,0.7062544226646423,0.5470000505447388
