iteration,loss,accuracy
99,0.802287757396698,0.5366666316986084
199,0.7828551530838013,0.5460000038146973
299,0.8022825121879578,0.5256666541099548
399,0.7799828052520752,0.5365555882453918
