iteration,loss,accuracy
24,0.8170982599258423,0.5326666235923767
49,0.8132771253585815,0.5389999747276306
74,0.8412574529647827,0.5196666717529297
99,0.8285436630249023,0.5285555720329285
