iteration,loss,accuracy
24,2.3209736347198486,0.1280999779701233
49,2.320984363555908,0.12609997391700745
74,2.3220229148864746,0.12689998745918274
99,2.3212311267852783,0.12810000777244568
