iteration,loss,accuracy
24,0.6000811457633972,0.6228888630867004
49,0.5249425172805786,0.7097777724266052
74,0.49869075417518616,0.7433333396911621
99,0.45709866285324097,0.7948888540267944
